NOMBRE;APELLIDO;EMAIL;TRABAJO;LUGARIsabel;González;Carlota72@hotmail.com;Interno Web Director;ru
Ricardo;Ocasio;JosEmilio83@gmail.com;Director Soluciones Funcionario;nl
Mario;Luna;Alfredo84@hotmail.com;International Integración Representante;sk
Marta;Zamora;Jaime34@gmail.com;Producto Identidad Diseñador;de_CH
Mario;Saldaña;JosLuis_Quiones@gmail.com;Heredado Usabilidad Productor;fi
Beatriz;Balderas;Conchita59@hotmail.com;Cliente Optimización Desarrollador;cz
Eduardo;Pichardo;Blanca91@yahoo.com;Director Usabilidad Funcionario;fr_CA
Cristóbal;Roque;Barbara_Bermdez15@hotmail.com;Cliente Marketing Analista;sv
Tomás;Terrazas;Anita93@gmail.com;Gerente Funcionalidad Supervisor;zh_TW
Jorge;Ochoa;Jos.Saldaa57@yahoo.com;Regional Normas Desarrollador;fr_CH
Gabriela;Mota;Andrea.Orosco34@gmail.com;Dinánmico Interacciones Ejecutivo;en_AU
David;Rocha;Roberto26@hotmail.com;Regional División Asociado;ja
Concepción;Casares;Jorge68@hotmail.com;Inversor Contabilidad Desarrollador;ru
Cristián;Alanis;Antonia14@yahoo.com;Gerente Seguridada Director;it
Luis;Salinas;Enrique_Vergara89@gmail.com;Heredado Seguridada Arquitecto;fr_CH
Conchita;Casanova;Juan.Madrid@yahoo.com;Directo Identidad Facilitador;nl_BE
Germán;Partida;MaraCristina.Dvila@gmail.com;Jefe Optimización Productor;ro
Carla;Farías;Csar_Garay@hotmail.com;Central Mercados Gerente;zh_TW
Luis Miguel;Quiróz;Miguelngel63@hotmail.com;Jefe Tácticas Productor;ne
Roberto;Gracia;Alfredo_Montoya@hotmail.com;Regional Tácticas Desarrollador;ja
Barbara;Solís;Pablo_Olivas9@gmail.com;International Programa Facilitador;en
Antonia;Escalante;Nicols_Soliz4@gmail.com;Global Contabilidad Administrador;de
Alberto;Amaya;Ins_Jasso79@hotmail.com;Nacional Intranet Coordinador;en_IE
Bernardo;Delgadillo;Ramiro_Acua86@yahoo.com;Nacional Datos Director;zh_CN
Carlos;Lovato;Emilia85@yahoo.com;Futuro Operaciones Especialista;fr_CH
Claudia;Vergara;Clara.Raya@yahoo.com;Humano Normas Desarrollador;fa
Alfredo;Carvajal;Benjamn29@yahoo.com;Heredado Cuentas Ejecutivo;fr_CH
Enrique;Alanis;Caridad76@gmail.com;Dinánmico Configuración Diseñador;en_ZA
Ignacio;Parra;Gilberto82@gmail.com;Jefe Seguridada Especialista;en
Rafael;Gaona;Luis.Gaytn29@yahoo.com;Jefe División Agente;ne
Pilar;Venegas;Catalina.Guardado47@hotmail.com;Central Optimización Coordinador;ne
Santiago;Rentería;Agustn_Vargas@gmail.com;Jefe Intranet Director;de_CH
Soledad;Raya;Margarita21@gmail.com;Gerente Investigación Agente;az
Sancho;Cruz;Cristbal27@yahoo.com;Global Investigación Estratega;ko
Víctor;Delarosa;Carmen.Patio23@gmail.com;Distrito Intranet Asociado;ar
Jacobo;Candelaria;Gilberto37@yahoo.com;Regional Aplicaciones Representante;sk
Luis Miguel;Elizondo;Ins_deJess3@hotmail.com;Corporativo Usabilidad Especialista;fa
José Emilio;Ponce;Mnica88@gmail.com;Regional Tácticas Diseñador;hy
Miguel Ángel;Ríos;Cecilia_Valenzuela67@yahoo.com;Inversor Identidad Supervisor;he
Alicia;Sevilla;Alfredo_Cotto@gmail.com;Humano Calidad Especialista;nb_NO
Isabel;Valverde;Anita23@yahoo.com;Jefe Identidad Representante;az
Ignacio;Páez;Teresa72@yahoo.com;Regional Calidad Planificador;sv
Rubén;Granado;Benjamn_Vargas@yahoo.com;Humano Métricas Coordinador;pt_PT
Manuela;Orosco;Mateo3@gmail.com;Heredado División Técnico;de_AT
Mariana;Candelaria;Federico_Valles@hotmail.com;Futuro Web Facilitador;hy
Graciela;Ceballos;Adela85@gmail.com;Director Creativo Asistente;nb_NO
Teodoro;Naranjo;Rosa_Sarabia57@hotmail.com;Global Integración Ejecutivo;az
Guillermina;Reséndez;Mercedes.Pedroza25@hotmail.com;Directo Configuración Desarrollador;es_MX
Alejandra;Briones;JuanCarlos90@hotmail.com;Senior Interacciones Coordinador;en_IE
Emilia;Estévez;Patricia73@yahoo.com;Gerente Normas Técnico;cz
Ramiro;Portillo;Eva_Maya5@yahoo.com;Heredado Calidad Asociado;fa
Germán;Guevara;Alfredo47@gmail.com;Nacional Calidad Oficial;id_ID
Alejandro;Maya;Alejandro_Adame@gmail.com;Dinánmico Mercados Estratega;hy
María Elena;Toledo;Luz0@hotmail.com;Producto Configuración Agente;en_AU_ocker
Daniel;Zavala;Pablo.Carrero75@gmail.com;International Interacciones Productor;ge
Susana;Báez;Soledad43@gmail.com;Jefe Seguro Coordinador;de
Francisca;Valdés;Miguel.Limn@yahoo.com;Jefe Investigación Estratega;ja
Raúl;Padilla;ngela.Zapata38@yahoo.com;Senior Implementación Oficial;es
Sara;Garica;Rafael69@hotmail.com;Regional Seguro Agente;en_ZA
Cristina;Armenta;Rodrigo_Amaya73@gmail.com;International Configuración Coordinador;nl_BE
Ramona;Frías;Rodrigo_Vargas33@yahoo.com;Dinánmico Calidad Supervisor;ja
Natalia;Camacho;Carlota_Sevilla66@gmail.com;Heredado Soluciones Representante;fi
Marcos;Malave;Ricardo.Nez64@gmail.com;Dinánmico Identidad Analista;en_IE
Jaime;Mondragón;MaraElena.Merino7@hotmail.com;Global Implementación Ingeniero;pl
Adán;Terrazas;Marcos.Tapia@gmail.com;Senior Tácticas Estratega;en_IE
Verónica;Feliciano;Rosario7@gmail.com;Humano División Arquitecto;nl_BE
Sara;Parra;Marisol_Barela44@hotmail.com;Inversor Operaciones Técnico;en_GB
Teodoro;Urrutia;Ester_Valds30@yahoo.com;Producto Soluciones Asistente;nl_BE
Marco Antonio;Regalado;Mateo21@hotmail.com;Interno Marketing Estratega;en_US
Cristóbal;Abeyta;Vernica_Laboy@gmail.com;Directo Calidad Diseñador;es_MX
Francisca;Vélez;MaraTeresa.Valles17@gmail.com;Distrito Infraestructura Especialista;uk
Roberto;Alva;Miguelngel.Arenas@gmail.com;Central Optimización Asociado;pt_BR
Conchita;Ojeda;Guadalupe23@yahoo.com;Regional División Ejecutivo;fi
Inés;Chavarría;Jorge92@yahoo.com;Senior Tácticas Asistente;fr_CA
Ramona;Lovato;Ernesto43@hotmail.com;Cliente Configuración Planificador;de
Emilio;Valdivia;Diana_Mota63@yahoo.com;Global Infraestructura Técnico;en_AU_ocker
Rosario;Serrano;Francisco.Malave@gmail.com;Nacional Interacciones Agente;id_ID
Timoteo;Granado;Bernardo.Barrera24@yahoo.com;Nacional Interacciones Consultor;sk
Leonor;Benavides;Javier.Mondragn@yahoo.com;Humano Respuesta Consultor;it
Enrique;Carrasquillo;Gonzalo98@gmail.com;Adelante Grupo Asistente;ru
Francisco;Mora;MaradelCarmen98@hotmail.com;Director Implementación Especialista;en
Esteban;Ceballos;Adela18@yahoo.com;Jefe Mobilidad Facilitador;hy
Carlota;Estrada;Hernn85@hotmail.com;Dinánmico Datos Estratega;en_GB
Rosa;Muñoz;Federico_Vliz@hotmail.com;Producto Mobilidad Representante;ja
Carlota;Holguín;Amalia_Prieto28@yahoo.com;Nacional Web Desarrollador;de
María Elena;Rolón;Enrique58@hotmail.com;Heredado Paradigma Arquitecto;sv
Cecilia;Carrillo;Micaela_Maldonado@yahoo.com;Directo Seguridada Técnico;es_MX
Luis Miguel;Navarrete;LuisMiguel30@gmail.com;Corporativo Tácticas Administrador;ru
Marcos;Campos;Olivia67@yahoo.com;Interno Aplicaciones Gerente;fi
Rosa;Vaca;Pilar41@hotmail.com;Producto Cuentas Administrador;sk
Leticia;Reyna;Clara6@yahoo.com;International Identidad Especialista;fi
Patricia;Mojica;Natalia.Quintanilla96@gmail.com;Interno Factores Administrador;nb_NO
Norma;Ordóñez;Guillermina53@gmail.com;Senior Mercados Asistente;nl_BE
Juan;Lovato;Josefina.Rubio36@hotmail.com;Humano Tácticas Administrador;de_AT
Gustavo;Limón;Julio96@gmail.com;Inversor Programa Productor;ge
Verónica;Estévez;MaraTeresa.Crdova62@yahoo.com;Central Métricas Relacciones;fr_CH
Cristián;Gurule;Graciela78@yahoo.com;Humano Creativo Asistente;id_ID
Pablo;Soto;Alfonso_Figueroa48@yahoo.com;Gerente Usabilidad Gerente;it
Miguel Ángel;Guardado;Teresa.Solorzano75@gmail.com;Nacional Configuración Planificador;sv
Beatriz;Gurule;AnaLuisa.Miramontes@gmail.com;Producto Métricas Diseñador;de
